2.380952380952381;0.0;13.88888888888889;5.0;13.095238095238097;2.23606797749979;9.920634920634921;2.23606797749979
1.1904761904761905;1.0;13.095238095238097;5.0;11.507936507936508;1.0;8.333333333333332;1.4142135623730951
2.380952380952381;1.0;2.380952380952381;5.656854249492381;13.88888888888889;1.4142135623730951;11.11111111111111;0.0
3.571428571428571;1.0;4.761904761904762;0.0;11.11111111111111;3.605551275463989;13.095238095238097;1.4142135623730951
4.365079365079365;1.4142135623730951;3.571428571428571;1.4142135623730951;13.88888888888889;5.0;8.73015873015873;2.23606797749979
3.571428571428571;1.0;2.380952380952381;0.0;13.095238095238097;5.0;11.507936507936508;3.605551275463989
3.571428571428571;1.0;3.1746031746031744;1.4142135623730951;9.126984126984127;6.4031242374328485;8.333333333333332;3.605551275463989
4.761904761904762;1.0;2.380952380952381;0.0;11.11111111111111;6.4031242374328485;10.317460317460316;2.8284271247461903
2.380952380952381;1.4142135623730951;3.571428571428571;1.4142135623730951;11.11111111111111;1.0;8.73015873015873;4.242640687119285
3.571428571428571;1.0;1.5873015873015872;0.0;13.095238095238097;7.810249675906654;8.73015873015873;1.4142135623730951
1.1904761904761905;0.0;2.380952380952381;1.4142135623730951;10.714285714285714;1.0;5.158730158730158;1.0
2.380952380952381;0.0;3.968253968253968;0.0;8.73015873015873;1.0;7.936507936507936;1.0
2.380952380952381;0.0;2.7777777777777777;0.0;14.682539682539684;2.23606797749979;13.095238095238097;1.0
1.984126984126984;0.0;4.365079365079365;0.0;14.682539682539684;2.23606797749979;13.095238095238097;1.0
2.380952380952381;1.4142135623730951;2.7777777777777777;0.0;14.285714285714285;3.605551275463989;11.904761904761903;1.0
3.571428571428571;1.4142135623730951;2.7777777777777777;0.0;11.904761904761903;3.605551275463989;13.095238095238097;1.0
1.1904761904761905;0.0;3.571428571428571;1.4142135623730951;11.904761904761903;3.605551275463989;6.349206349206349;0.0
1.984126984126984;1.4142135623730951;2.7777777777777777;0.0;9.523809523809524;4.242640687119285;5.952380952380952;1.4142135623730951
1.1904761904761905;0.0;2.7777777777777777;1.4142135623730951;15.873015873015872;5.0;8.73015873015873;8.48528137423857
2.380952380952381;0.0;4.365079365079365;1.4142135623730951;9.920634920634921;4.242640687119285;12.3015873015873;1.0
2.380952380952381;0.0;3.571428571428571;1.4142135623730951;9.126984126984127;4.242640687119285;13.88888888888889;1.0
3.571428571428571;0.0;3.1746031746031744;0.0;7.142857142857142;4.242640687119285;14.682539682539684;1.0
3.571428571428571;0.0;3.571428571428571;1.4142135623730951;5.158730158730158;0.0;14.285714285714285;1.0
2.380952380952381;0.0;5.555555555555555;0.0;1.984126984126984;0.0;8.73015873015873;0.0
1.1904761904761905;0.0;2.7777777777777777;1.4142135623730951;3.968253968253968;0.0;11.904761904761903;0.0
2.380952380952381;0.0;2.7777777777777777;0.0;6.349206349206349;1.4142135623730951;15.079365079365079;0.0
2.380952380952381;0.0;1.5873015873015872;1.4142135623730951;3.968253968253968;0.0;13.095238095238097;0.0
1.1904761904761905;0.0;3.1746031746031744;0.0;4.761904761904762;0.0;16.26984126984127;0.0
2.380952380952381;2.0;2.7777777777777777;1.4142135623730951;6.746031746031746;1.4142135623730951;12.3015873015873;0.0
1.1904761904761905;0.0;3.1746031746031744;0.0;9.126984126984127;1.4142135623730951;13.88888888888889;0.0
1.984126984126984;1.4142135623730951;4.761904761904762;0.0;5.952380952380952;0.0;11.904761904761903;3.1622776601683795
3.571428571428571;1.4142135623730951;3.968253968253968;1.4142135623730951;5.158730158730158;0.0;11.904761904761903;2.0
3.571428571428571;1.4142135623730951;5.952380952380952;1.4142135623730951;2.7777777777777777;0.0;5.952380952380952;2.0
4.365079365079365;0.0;0.7936507936507936;0.0;3.968253968253968;1.4142135623730951;2.380952380952381;1.0
2.380952380952381;1.4142135623730951;1.5873015873015872;1.4142135623730951;4.761904761904762;0.0;3.1746031746031744;1.0
3.1746031746031744;2.0;3.1746031746031744;0.0;5.952380952380952;0.0;2.7777777777777777;1.0
4.761904761904762;0.0;3.571428571428571;1.4142135623730951;6.746031746031746;0.0;1.5873015873015872;1.0
3.571428571428571;1.4142135623730951;5.555555555555555;1.4142135623730951;5.952380952380952;1.4142135623730951;3.1746031746031744;2.23606797749979
4.761904761904762;1.4142135623730951;3.571428571428571;2.0;7.142857142857142;0.0;4.365079365079365;1.0
4.761904761904762;0.0;3.968253968253968;1.4142135623730951;7.936507936507936;1.4142135623730951;4.761904761904762;1.0
3.571428571428571;0.0;3.1746031746031744;1.4142135623730951;7.936507936507936;0.0;2.380952380952381;1.0
1.1904761904761905;0.0;0.7936507936507936;0.0;7.936507936507936;1.4142135623730951;3.571428571428571;1.0
1.1904761904761905;0.0;1.1904761904761905;1.4142135623730951;5.555555555555555;0.0;2.380952380952381;1.0
1.984126984126984;1.4142135623730951;0.7936507936507936;0.0;5.952380952380952;1.4142135623730951;3.571428571428571;1.0
3.571428571428571;2.0;1.5873015873015872;0.0;6.746031746031746;0.0;1.1904761904761905;0.0
2.380952380952381;0.0;2.7777777777777777;0.0;9.126984126984127;1.4142135623730951;2.380952380952381;1.4142135623730951
2.380952380952381;0.0;3.571428571428571;0.0;9.126984126984127;0.0;3.571428571428571;1.4142135623730951
3.1746031746031744;1.4142135623730951;3.1746031746031744;1.4142135623730951;5.952380952380952;1.4142135623730951;3.571428571428571;1.4142135623730951
2.380952380952381;0.0;4.761904761904762;0.0;7.936507936507936;2.0;3.571428571428571;2.0
3.1746031746031744;0.0;2.7777777777777777;0.0;7.936507936507936;0.0;2.380952380952381;1.0
2.380952380952381;0.0;1.5873015873015872;1.4142135623730951;7.936507936507936;0.0;1.1904761904761905;0.0
3.571428571428571;1.4142135623730951;3.1746031746031744;0.0;7.142857142857142;1.4142135623730951;2.380952380952381;1.4142135623730951
1.1904761904761905;0.0;3.571428571428571;0.0;6.349206349206349;0.0;1.1904761904761905;0.0
2.380952380952381;0.0;3.1746031746031744;0.0;4.761904761904762;1.4142135623730951;2.380952380952381;1.4142135623730951
1.1904761904761905;0.0;3.571428571428571;1.4142135623730951;6.746031746031746;0.0;2.380952380952381;0.0
2.380952380952381;1.4142135623730951;3.1746031746031744;0.0;7.5396825396825395;2.0;2.380952380952381;1.4142135623730951
1.1904761904761905;0.0;3.571428571428571;1.4142135623730951;8.73015873015873;1.4142135623730951;2.380952380952381;0.0
2.380952380952381;1.4142135623730951;1.5873015873015872;0.0;8.73015873015873;1.4142135623730951;3.571428571428571;1.4142135623730951
3.571428571428571;0.0;2.7777777777777777;1.4142135623730951;10.317460317460316;0.0;2.380952380952381;0.0
1.1904761904761905;1.4142135623730951;2.7777777777777777;0.0;8.73015873015873;0.0;2.380952380952381;0.0
2.380952380952381;0.0;2.7777777777777777;0.0;9.126984126984127;0.0;3.571428571428571;1.4142135623730951
3.571428571428571;0.0;3.1746031746031744;0.0;11.904761904761903;2.0;4.761904761904762;1.4142135623730951
1.1904761904761905;0.0;4.761904761904762;0.0;3.571428571428571;0.0;5.158730158730158;0.0
2.380952380952381;1.4142135623730951;3.1746031746031744;2.0;5.952380952380952;1.4142135623730951;1.1904761904761905;0.0
3.571428571428571;1.4142135623730951;3.571428571428571;0.0;6.349206349206349;0.0;1.1904761904761905;0.0
4.761904761904762;1.4142135623730951;3.1746031746031744;0.0;5.555555555555555;0.0;1.1904761904761905;1.4142135623730951
0.3968253968253968;0.0;3.571428571428571;1.4142135623730951;6.349206349206349;0.0;2.380952380952381;1.4142135623730951
0.7936507936507936;1.4142135623730951;3.968253968253968;0.0;6.746031746031746;1.4142135623730951;2.380952380952381;0.0
1.5873015873015872;0.0;3.1746031746031744;0.0;9.126984126984127;1.4142135623730951;3.571428571428571;0.0
0.7936507936507936;1.4142135623730951;2.380952380952381;0.0;7.936507936507936;0.0;3.571428571428571;1.4142135623730951
1.5873015873015872;2.0;1.5873015873015872;0.0;7.142857142857142;0.0;2.380952380952381;0.0
1.984126984126984;1.4142135623730951;2.7777777777777777;0.0;7.936507936507936;0.0;2.380952380952381;0.0
0.3968253968253968;0.0;2.380952380952381;0.0;7.936507936507936;0.0;2.380952380952381;0.0
0.7936507936507936;1.4142135623730951;3.1746031746031744;0.0;7.936507936507936;1.4142135623730951;1.1904761904761905;0.0
1.5873015873015872;0.0;2.7777777777777777;1.4142135623730951;9.126984126984127;1.4142135623730951;2.380952380952381;1.4142135623730951
0.7936507936507936;1.4142135623730951;2.7777777777777777;0.0;10.317460317460316;1.4142135623730951;3.571428571428571;0.0
0.3968253968253968;0.0;1.5873015873015872;0.0;6.349206349206349;1.4142135623730951;1.1904761904761905;0.0
0.7936507936507936;0.0;3.1746031746031744;0.0;7.142857142857142;1.4142135623730951;2.380952380952381;0.0
1.5873015873015872;2.0;3.571428571428571;1.4142135623730951;5.952380952380952;0.0;3.571428571428571;0.0
0.7936507936507936;1.4142135623730951;3.1746031746031744;0.0;5.952380952380952;0.0;3.571428571428571;0.0
1.1904761904761905;1.4142135623730951;4.761904761904762;1.4142135623730951;7.5396825396825395;1.4142135623730951;1.1904761904761905;0.0
1.984126984126984;2.0;3.1746031746031744;0.0;7.5396825396825395;1.4142135623730951;2.380952380952381;0.0
1.5873015873015872;1.4142135623730951;3.571428571428571;1.4142135623730951;4.365079365079365;0.0;3.1746031746031744;0.0
1.984126984126984;1.4142135623730951;1.5873015873015872;0.0;5.158730158730158;1.4142135623730951;4.761904761904762;1.4142135623730951
1.5873015873015872;0.0;1.5873015873015872;1.4142135623730951;6.746031746031746;0.0;3.571428571428571;0.0
1.984126984126984;1.4142135623730951;3.1746031746031744;0.0;7.5396825396825395;0.0;2.380952380952381;1.4142135623730951
1.5873015873015872;0.0;3.571428571428571;1.4142135623730951;6.746031746031746;0.0;1.1904761904761905;0.0
1.984126984126984;0.0;1.5873015873015872;0.0;6.746031746031746;1.4142135623730951;1.984126984126984;1.4142135623730951
1.5873015873015872;0.0;2.7777777777777777;1.4142135623730951;6.349206349206349;0.0;3.571428571428571;0.0
1.984126984126984;0.0;2.7777777777777777;0.0;7.142857142857142;0.0;2.380952380952381;0.0
0.3968253968253968;0.0;2.7777777777777777;0.0;7.936507936507936;2.0;2.380952380952381;0.0
0.7936507936507936;0.0;4.365079365079365;0.0;7.936507936507936;1.4142135623730951;2.380952380952381;1.4142135623730951
1.5873015873015872;0.0;3.571428571428571;1.4142135623730951;7.5396825396825395;1.4142135623730951;3.571428571428571;0.0
0.7936507936507936;0.0;1.5873015873015872;0.0;8.73015873015873;0.0;2.380952380952381;0.0
1.5873015873015872;0.0;2.7777777777777777;1.4142135623730951;7.142857142857142;0.0;3.571428571428571;1.4142135623730951
1.984126984126984;1.4142135623730951;3.1746031746031744;0.0;4.365079365079365;1.4142135623730951;3.571428571428571;0.0
0.3968253968253968;0.0;3.571428571428571;0.0;5.555555555555555;0.0;3.571428571428571;0.0
0.7936507936507936;1.4142135623730951;3.1746031746031744;0.0;6.746031746031746;1.4142135623730951;3.571428571428571;1.4142135623730951
1.5873015873015872;0.0;2.7777777777777777;1.4142135623730951;5.952380952380952;0.0;2.380952380952381;0.0
1.984126984126984;1.4142135623730951;2.7777777777777777;0.0;5.158730158730158;1.4142135623730951;3.571428571428571;0.0
0.3968253968253968;0.0;1.5873015873015872;1.4142135623730951;6.349206349206349;0.0;1.1904761904761905;0.0
0.7936507936507936;1.4142135623730951;3.1746031746031744;0.0;7.142857142857142;0.0;2.380952380952381;0.0
1.5873015873015872;1.4142135623730951;4.761904761904762;0.0;8.73015873015873;0.0;3.571428571428571;0.0
1.984126984126984;0.0;4.365079365079365;2.0;8.333333333333332;1.4142135623730951;2.380952380952381;1.4142135623730951
0.3968253968253968;0.0;4.761904761904762;0.0;6.746031746031746;0.0;0.3968253968253968;0.0
0.7936507936507936;1.4142135623730951;4.365079365079365;0.0;7.5396825396825395;1.4142135623730951;0.7936507936507936;1.4142135623730951
1.5873015873015872;0.0;3.571428571428571;0.0;7.5396825396825395;1.4142135623730951;0.3968253968253968;0.0
0.7936507936507936;1.4142135623730951;3.1746031746031744;2.0;8.73015873015873;1.4142135623730951;0.7936507936507936;1.4142135623730951
0.3968253968253968;0.0;4.761904761904762;0.0;7.5396825396825395;1.4142135623730951;1.5873015873015872;0.0
0.7936507936507936;1.4142135623730951;5.555555555555555;1.4142135623730951;5.952380952380952;0.0;0.7936507936507936;0.0
1.5873015873015872;0.0;6.349206349206349;1.4142135623730951;5.952380952380952;0.0;0.3968253968253968;0.0
1.984126984126984;0.0;3.1746031746031744;0.0;4.761904761904762;0.0;0.7936507936507936;1.4142135623730951
2.7777777777777777;1.4142135623730951;2.7777777777777777;1.4142135623730951;4.365079365079365;0.0;1.5873015873015872;0.0
1.984126984126984;1.4142135623730951;2.7777777777777777;0.0;4.761904761904762;1.4142135623730951;1.984126984126984;1.4142135623730951
1.5873015873015872;0.0;1.5873015873015872;0.0;4.365079365079365;0.0;0.3968253968253968;0.0
1.984126984126984;0.0;3.1746031746031744;0.0;7.142857142857142;1.4142135623730951;0.7936507936507936;0.0
1.5873015873015872;0.0;2.7777777777777777;0.0;6.746031746031746;1.4142135623730951;1.5873015873015872;0.0
0.7936507936507936;0.0;3.1746031746031744;0.0;7.936507936507936;1.4142135623730951;1.984126984126984;0.0
1.5873015873015872;0.0;4.761904761904762;0.0;5.555555555555555;0.0;1.5873015873015872;0.0
1.984126984126984;1.4142135623730951;3.968253968253968;0.0;4.761904761904762;0.0;1.984126984126984;1.4142135623730951
1.5873015873015872;0.0;3.1746031746031744;1.4142135623730951;2.7777777777777777;0.0;0.3968253968253968;0.0
1.984126984126984;0.0;4.761904761904762;0.0;3.968253968253968;1.4142135623730951;0.7936507936507936;1.4142135623730951
1.5873015873015872;0.0;3.1746031746031744;2.0;4.761904761904762;0.0;1.5873015873015872;1.4142135623730951
1.984126984126984;0.0;4.761904761904762;0.0;5.555555555555555;1.4142135623730951;1.984126984126984;2.0
0.3968253968253968;0.0;3.571428571428571;1.4142135623730951;4.365079365079365;0.0;0.3968253968253968;0.0
0.7936507936507936;0.0;2.7777777777777777;2.0;6.349206349206349;1.4142135623730951;0.7936507936507936;0.0
0.3968253968253968;0.0;3.571428571428571;1.4142135623730951;6.746031746031746;1.4142135623730951;1.5873015873015872;0.0
0.7936507936507936;1.4142135623730951;1.5873015873015872;0.0;3.968253968253968;0.0;1.984126984126984;1.4142135623730951
1.5873015873015872;0.0;2.7777777777777777;1.4142135623730951;4.761904761904762;0.0;1.5873015873015872;0.0
1.984126984126984;0.0;2.7777777777777777;0.0;3.1746031746031744;0.0;1.984126984126984;1.4142135623730951
0.3968253968253968;0.0;1.5873015873015872;1.4142135623730951;4.365079365079365;0.0;0.3968253968253968;0.0
0.7936507936507936;1.4142135623730951;3.1746031746031744;0.0;4.365079365079365;2.0;0.7936507936507936;0.0
1.5873015873015872;1.4142135623730951;4.761904761904762;0.0;3.571428571428571;0.0;0.3968253968253968;0.0
1.984126984126984;1.4142135623730951;4.365079365079365;0.0;3.1746031746031744;1.4142135623730951;0.7936507936507936;0.0
1.5873015873015872;0.0;2.7777777777777777;1.4142135623730951;5.158730158730158;0.0;1.5873015873015872;0.0
1.984126984126984;0.0;4.365079365079365;0.0;4.761904761904762;1.4142135623730951;0.7936507936507936;0.0
0.3968253968253968;0.0;3.571428571428571;0.0;5.158730158730158;2.0;1.1904761904761905;1.4142135623730951
0.7936507936507936;1.4142135623730951;3.1746031746031744;0.0;5.555555555555555;1.4142135623730951;1.984126984126984;0.0
1.5873015873015872;0.0;2.7777777777777777;1.4142135623730951;5.555555555555555;0.0;1.5873015873015872;0.0
1.984126984126984;0.0;4.365079365079365;0.0;4.365079365079365;1.4142135623730951;1.984126984126984;0.0
1.5873015873015872;2.0;2.7777777777777777;1.4142135623730951;3.968253968253968;1.4142135623730951;0.3968253968253968;0.0
1.984126984126984;0.0;1.5873015873015872;1.4142135623730951;3.571428571428571;1.4142135623730951;0.7936507936507936;0.0
1.5873015873015872;0.0;1.1904761904761905;1.4142135623730951;5.158730158730158;0.0;1.5873015873015872;2.0
1.984126984126984;0.0;1.5873015873015872;1.4142135623730951;5.952380952380952;1.4142135623730951;0.7936507936507936;1.4142135623730951
0.3968253968253968;0.0;1.1904761904761905;1.4142135623730951;5.952380952380952;0.0;1.5873015873015872;0.0
0.7936507936507936;1.4142135623730951;2.380952380952381;0.0;5.158730158730158;0.0;1.984126984126984;1.4142135623730951
1.5873015873015872;0.0;3.1746031746031744;0.0;5.555555555555555;0.0;0.3968253968253968;0.0
0.7936507936507936;0.0;4.761904761904762;1.4142135623730951;4.365079365079365;1.4142135623730951;0.7936507936507936;0.0
0.3968253968253968;0.0;1.5873015873015872;0.0;6.349206349206349;2.0;1.5873015873015872;0.0
0.7936507936507936;1.4142135623730951;1.5873015873015872;1.4142135623730951;6.349206349206349;1.4142135623730951;1.984126984126984;0.0
0.3968253968253968;0.0;1.1904761904761905;0.0;6.349206349206349;0.0;2.7777777777777777;1.4142135623730951
0.7936507936507936;0.0;0.7936507936507936;0.0;6.349206349206349;0.0;1.984126984126984;0.0
1.5873015873015872;0.0;1.5873015873015872;1.4142135623730951;6.349206349206349;0.0;2.380952380952381;1.4142135623730951
1.984126984126984;1.4142135623730951;3.1746031746031744;0.0;5.555555555555555;1.4142135623730951;1.984126984126984;0.0
0.3968253968253968;0.0;4.365079365079365;0.0;6.349206349206349;0.0;2.380952380952381;0.0
0.7936507936507936;0.0;3.1746031746031744;0.0;5.158730158730158;0.0;2.7777777777777777;1.4142135623730951
0.3968253968253968;0.0;2.7777777777777777;0.0;5.158730158730158;0.0;2.7777777777777777;1.4142135623730951
0.7936507936507936;1.4142135623730951;4.365079365079365;0.0;6.349206349206349;1.4142135623730951;1.984126984126984;1.4142135623730951
1.5873015873015872;2.0;3.571428571428571;0.0;6.349206349206349;0.0;1.5873015873015872;0.0
1.984126984126984;1.4142135623730951;4.365079365079365;0.0;5.952380952380952;1.4142135623730951;1.984126984126984;1.4142135623730951
2.7777777777777777;1.4142135623730951;2.7777777777777777;0.0;6.349206349206349;0.0;1.5873015873015872;0.0
2.7777777777777777;2.0;2.7777777777777777;0.0;5.555555555555555;0.0;1.984126984126984;1.4142135623730951
0.3968253968253968;0.0;2.7777777777777777;0.0;5.555555555555555;1.4142135623730951;1.5873015873015872;0.0
0.7936507936507936;0.0;2.7777777777777777;0.0;5.555555555555555;1.4142135623730951;1.984126984126984;1.4142135623730951
1.5873015873015872;0.0;2.7777777777777777;0.0;5.555555555555555;1.4142135623730951;0.3968253968253968;0.0
0.7936507936507936;0.0;4.365079365079365;0.0;5.555555555555555;1.4142135623730951;0.7936507936507936;1.4142135623730951
0.3968253968253968;0.0;4.761904761904762;0.0;5.158730158730158;0.0;1.5873015873015872;0.0
0.7936507936507936;1.4142135623730951;4.365079365079365;0.0;5.158730158730158;1.4142135623730951;1.984126984126984;1.4142135623730951
0.3968253968253968;0.0;3.571428571428571;0.0;6.746031746031746;1.4142135623730951;1.5873015873015872;0.0
0.7936507936507936;0.0;5.555555555555555;1.4142135623730951;4.365079365079365;1.4142135623730951;0.7936507936507936;1.4142135623730951
0.3968253968253968;0.0;4.761904761904762;1.4142135623730951;6.349206349206349;0.0;1.5873015873015872;1.4142135623730951
0.7936507936507936;1.4142135623730951;2.7777777777777777;0.0;6.349206349206349;1.4142135623730951;0.7936507936507936;0.0
1.5873015873015872;0.0;2.7777777777777777;0.0;5.555555555555555;1.4142135623730951;1.5873015873015872;0.0
0.7936507936507936;1.4142135623730951;4.365079365079365;0.0;5.555555555555555;0.0;0.7936507936507936;1.4142135623730951
0.3968253968253968;0.0;3.571428571428571;0.0;3.571428571428571;0.0;1.5873015873015872;1.4142135623730951
0.7936507936507936;0.0;1.5873015873015872;0.0;5.555555555555555;1.4142135623730951;0.7936507936507936;0.0
1.5873015873015872;0.0;2.7777777777777777;0.0;5.555555555555555;0.0;1.5873015873015872;0.0
1.984126984126984;0.0;2.7777777777777777;0.0;4.365079365079365;0.0;0.7936507936507936;0.0
2.7777777777777777;1.4142135623730951;2.7777777777777777;0.0;3.968253968253968;0.0;1.5873015873015872;0.0
1.984126984126984;0.0;1.5873015873015872;0.0;2.7777777777777777;0.0;1.984126984126984;2.0
1.5873015873015872;0.0;3.1746031746031744;0.0;5.158730158730158;0.0;2.380952380952381;1.4142135623730951
1.984126984126984;1.4142135623730951;2.380952380952381;0.0;5.555555555555555;0.0;1.984126984126984;0.0
1.5873015873015872;0.0;3.1746031746031744;1.4142135623730951;5.555555555555555;0.0;1.5873015873015872;0.0
0.7936507936507936;1.4142135623730951;2.380952380952381;0.0;5.555555555555555;0.0;1.984126984126984;0.0
1.5873015873015872;1.4142135623730951;3.571428571428571;1.4142135623730951;5.158730158730158;0.0;1.5873015873015872;0.0
1.984126984126984;1.4142135623730951;3.1746031746031744;0.0;5.158730158730158;1.4142135623730951;0.7936507936507936;0.0
1.5873015873015872;0.0;3.571428571428571;0.0;5.158730158730158;0.0;1.5873015873015872;1.4142135623730951
1.984126984126984;0.0;3.1746031746031744;0.0;5.555555555555555;0.0;1.984126984126984;1.4142135623730951
0.3968253968253968;0.0;2.7777777777777777;1.4142135623730951;6.349206349206349;0.0;1.5873015873015872;0.0
0.7936507936507936;1.4142135623730951;4.365079365079365;0.0;5.555555555555555;0.0;1.984126984126984;1.4142135623730951
1.5873015873015872;0.0;4.761904761904762;0.0;5.555555555555555;1.4142135623730951;0.3968253968253968;0.0
1.984126984126984;1.4142135623730951;3.968253968253968;0.0;6.349206349206349;0.0;0.7936507936507936;0.0
2.380952380952381;1.4142135623730951;1.1904761904761905;0.0;5.555555555555555;1.4142135623730951;1.5873015873015872;0.0
1.984126984126984;1.4142135623730951;1.5873015873015872;1.4142135623730951;5.555555555555555;0.0;0.7936507936507936;0.0
1.5873015873015872;0.0;3.1746031746031744;0.0;3.571428571428571;0.0;1.1904761904761905;0.0
0.7936507936507936;1.4142135623730951;2.380952380952381;0.0;5.158730158730158;1.4142135623730951;1.984126984126984;0.0
1.5873015873015872;0.0;3.1746031746031744;1.4142135623730951;6.349206349206349;0.0;1.5873015873015872;0.0
0.7936507936507936;1.4142135623730951;0.7936507936507936;0.0;6.349206349206349;0.0;0.7936507936507936;0.0
0.3968253968253968;0.0;1.5873015873015872;1.4142135623730951;4.761904761904762;0.0;1.5873015873015872;2.0
0.7936507936507936;1.4142135623730951;3.1746031746031744;0.0;3.1746031746031744;1.4142135623730951;0.7936507936507936;0.0
1.5873015873015872;1.4142135623730951;4.365079365079365;1.4142135623730951;5.158730158730158;0.0;1.5873015873015872;0.0
1.984126984126984;0.0;3.1746031746031744;0.0;6.349206349206349;0.0;1.984126984126984;1.4142135623730951
1.5873015873015872;1.4142135623730951;3.571428571428571;0.0;6.349206349206349;1.4142135623730951;1.5873015873015872;0.0
1.984126984126984;0.0;1.5873015873015872;0.0;5.158730158730158;1.4142135623730951;0.7936507936507936;0.0
0.3968253968253968;0.0;1.5873015873015872;0.0;5.158730158730158;0.0;1.5873015873015872;2.0
0.7936507936507936;0.0;1.5873015873015872;0.0;5.555555555555555;1.4142135623730951;0.7936507936507936;0.0
1.1904761904761905;1.4142135623730951;2.7777777777777777;1.4142135623730951;5.555555555555555;1.4142135623730951;0.3968253968253968;0.0
0.7936507936507936;1.4142135623730951;2.7777777777777777;0.0;5.555555555555555;0.0;0.7936507936507936;1.4142135623730951
0.3968253968253968;0.0;2.7777777777777777;0.0;3.571428571428571;0.0;1.5873015873015872;0.0
0.7936507936507936;1.4142135623730951;2.7777777777777777;0.0;4.365079365079365;1.4142135623730951;1.984126984126984;1.4142135623730951
0.3968253968253968;0.0;2.7777777777777777;0.0;3.968253968253968;0.0;2.7777777777777777;1.4142135623730951
0.7936507936507936;1.4142135623730951;4.365079365079365;0.0;3.968253968253968;0.0;1.984126984126984;1.4142135623730951
0.3968253968253968;0.0;3.571428571428571;0.0;2.380952380952381;0.0;2.7777777777777777;2.8284271247461903
0.7936507936507936;0.0;3.1746031746031744;0.0;2.7777777777777777;0.0;1.984126984126984;1.4142135623730951
1.5873015873015872;0.0;3.571428571428571;0.0;2.7777777777777777;0.0;2.380952380952381;0.0
1.984126984126984;0.0;3.1746031746031744;0.0;4.365079365079365;0.0;1.984126984126984;1.4142135623730951
0.3968253968253968;0.0;2.7777777777777777;0.0;5.158730158730158;0.0;1.5873015873015872;0.0
0.7936507936507936;1.4142135623730951;2.7777777777777777;0.0;5.952380952380952;1.4142135623730951;1.984126984126984;0.0
1.5873015873015872;0.0;1.5873015873015872;1.4142135623730951;5.555555555555555;0.0;1.5873015873015872;1.4142135623730951
1.984126984126984;0.0;1.5873015873015872;0.0;5.555555555555555;0.0;1.984126984126984;0.0
2.7777777777777777;0.0;1.5873015873015872;1.4142135623730951;5.555555555555555;0.0;0.3968253968253968;0.0
1.984126984126984;1.4142135623730951;3.1746031746031744;0.0;5.555555555555555;0.0;0.7936507936507936;1.4142135623730951
1.5873015873015872;0.0;2.7777777777777777;1.4142135623730951;6.746031746031746;1.4142135623730951;0.3968253968253968;0.0
1.984126984126984;1.4142135623730951;4.365079365079365;0.0;7.142857142857142;1.4142135623730951;0.7936507936507936;0.0
1.5873015873015872;0.0;3.571428571428571;1.4142135623730951;3.571428571428571;0.0;0.3968253968253968;0.0
0.7936507936507936;0.0;3.968253968253968;1.4142135623730951;4.365079365079365;1.4142135623730951;0.7936507936507936;1.4142135623730951
1.5873015873015872;0.0;1.1904761904761905;1.4142135623730951;3.968253968253968;0.0;1.5873015873015872;0.0
0.7936507936507936;1.4142135623730951;1.5873015873015872;1.4142135623730951;5.952380952380952;1.4142135623730951;1.984126984126984;0.0
1.1904761904761905;0.0;1.984126984126984;1.4142135623730951;5.158730158730158;0.0;1.5873015873015872;0.0
1.984126984126984;1.4142135623730951;3.968253968253968;1.4142135623730951;6.349206349206349;1.4142135623730951;0.7936507936507936;0.0
1.5873015873015872;0.0;5.952380952380952;2.0;3.968253968253968;0.0;1.5873015873015872;0.0
1.984126984126984;0.0;2.380952380952381;0.0;2.7777777777777777;0.0;0.7936507936507936;1.4142135623730951
0.3968253968253968;0.0;3.1746031746031744;1.4142135623730951;5.158730158730158;0.0;1.5873015873015872;0.0
0.7936507936507936;1.4142135623730951;2.380952380952381;0.0;6.349206349206349;1.4142135623730951;1.984126984126984;0.0
1.5873015873015872;0.0;1.5873015873015872;0.0;4.761904761904762;0.0;1.5873015873015872;2.0
1.984126984126984;0.0;3.1746031746031744;0.0;3.1746031746031744;1.4142135623730951;0.7936507936507936;0.0
1.5873015873015872;0.0;3.571428571428571;1.4142135623730951;3.571428571428571;0.0;1.5873015873015872;1.4142135623730951
1.984126984126984;1.4142135623730951;3.968253968253968;1.4142135623730951;3.1746031746031744;0.0;1.984126984126984;0.0
2.380952380952381;1.4142135623730951;5.952380952380952;1.4142135623730951;5.158730158730158;0.0;1.5873015873015872;0.0
2.7777777777777777;1.4142135623730951;5.158730158730158;2.8284271247461903;3.968253968253968;1.4142135623730951;1.984126984126984;1.4142135623730951
1.5873015873015872;1.4142135623730951;5.555555555555555;1.4142135623730951;3.571428571428571;0.0;1.5873015873015872;0.0
0.7936507936507936;0.0;5.952380952380952;2.8284271247461903;3.571428571428571;0.0;1.984126984126984;0.0
1.5873015873015872;1.4142135623730951;6.349206349206349;1.4142135623730951;5.158730158730158;2.0;1.5873015873015872;1.4142135623730951
1.984126984126984;0.0;9.126984126984127;1.4142135623730951;5.952380952380952;0.0;1.984126984126984;1.4142135623730951
1.5873015873015872;0.0;5.952380952380952;1.4142135623730951;5.158730158730158;0.0;1.5873015873015872;0.0
1.984126984126984;0.0;1.5873015873015872;1.4142135623730951;5.555555555555555;1.4142135623730951;1.984126984126984;1.4142135623730951
0.3968253968253968;0.0;1.984126984126984;1.4142135623730951;5.158730158730158;0.0;1.5873015873015872;0.0
0.7936507936507936;0.0;3.968253968253968;1.4142135623730951;6.349206349206349;0.0;1.984126984126984;0.0
1.5873015873015872;0.0;3.1746031746031744;0.0;6.349206349206349;0.0;1.5873015873015872;0.0
1.984126984126984;1.4142135623730951;0.7936507936507936;0.0;6.349206349206349;0.0;1.984126984126984;0.0
